,Accuracy,F1 Score,AUC,D-AUC PR
fs-val,0.7088873139617291,0.6952360540570004,0.8064567922827941,0.19125093096586337
fs-test,0.6843491613512875,0.659836667672609,0.7787675123114675,0.173249961314735
rf,0.5530120481927712,0.5338083588016445,0.5510808412205053,0.016543734690471625
