,Accuracy,F1 Score,AUC,D-AUC PR
fs-val,0.7031325301204818,0.6810391605667536,0.8052341713089927,0.19203448245182383
fs-test,0.6758681785967399,0.6472598689879245,0.7885570378880865,0.17574867729268145
rf,0.5530120481927712,0.5338083588016445,0.5510808412205053,0.016543734690471625
