,Accuracy,F1 Score,AUC,D-AUC PR
fs-val,0.69482,0.67061,0.80267,0.19197
fs-test,0.6834200000000001,0.6493599999999999,0.77967,0.17787999999999998
rf,0.5530120481927712,0.5338083588016445,0.5510808412205053,0.016543734690471625
